patient_id,n_eval_windows,RMSE60_population,RMSE60_personal,RMSE120_population,RMSE120_personal
8,385,27.782986405149323,22.81159378896641,37.3185080461561,32.35357556290377
33,347,22.422205613934604,18.981737022184042,31.014621021302386,27.806782605772433
35,430,23.32377174239189,23.499244585530228,35.51079676408628,35.414147859756206
37,332,23.11605596991065,25.788733196539944,30.36609725495055,33.567649497851775
42,242,20.04374764059878,21.8245193345122,24.049705043631793,26.56988186883439
45,165,23.639711511850525,21.700294234214415,35.6791529083366,29.613049014223208
52,587,25.97853654111073,23.401575446564056,38.748091346224584,34.035761857820475
58,232,15.888521822043986,11.29278783428635,20.131577859597893,16.883705389580435
61,253,17.909723386234603,15.733778730615153,19.019248378486243,15.583323311443005
64,598,20.055024078418626,17.69394825259902,28.176981287530452,25.582831865979003
68,581,20.317871347089625,19.423510891378843,27.694876637355026,27.447895218501387
74,591,27.148451946556087,21.698831066737476,44.75632293558174,37.187289139955375
75,591,20.9232133340893,20.340770059994874,33.03771942426444,32.144733680117675
76,588,35.12906990537335,33.9897036656298,55.481632386296596,54.545298237533984
80,639,23.87118657436187,18.964904017294174,35.25080523485552,29.64376384378755
84,578,21.28046427032662,22.484781788771112,34.335928795138635,36.02511717599636
85,481,25.72944496828738,16.96576265636083,34.889273822299415,25.17435852096054
86,639,17.43662455825309,18.13922617021841,20.671359774250924,21.363288809229548
87,636,18.506527656000916,17.551383701208604,23.71865789802903,21.442850486641106
88,636,21.49064979000394,21.310364410680855,28.89284256572295,29.973701173505816
97,635,14.7929640440188,14.880009306902323,17.0655945390191,17.19420117862766
98,636,22.573223763936433,19.550763788026437,30.416784824001063,27.95443965060226
104,636,41.31190344065541,38.46394211978805,57.1078916511852,48.06021929176045
