patient_id,age,sex,bmi,hba1c,diabetes_years,on_insulin,on_metformin,sbp
0,60.0,1,22.5,6.0,14.4,1,1,123.0
1,49.0,1,22.2,9.5,6.7,1,1,134.0
2,61.0,0,30.8,8.4,1.9,0,1,120.0
3,50.0,0,33.0,8.5,1.3,0,0,165.0
4,52.0,0,27.8,8.4,18.1,1,1,122.0
5,73.0,1,23.7,8.5,20.2,1,1,126.0
6,45.0,0,32.4,8.4,13.7,0,1,117.0
7,62.0,1,22.7,7.6,16.3,0,1,127.0
8,39.0,0,25.3,6.0,12.4,0,1,132.0
9,71.0,0,31.3,7.9,20.6,1,1,143.0
10,69.0,0,20.0,7.0,18.1,0,1,123.0
11,45.0,1,30.2,9.3,1.1,0,1,129.0
12,73.0,1,25.9,7.7,19.0,1,1,112.0
13,38.0,1,29.0,8.1,1.7,0,1,120.0
14,49.0,1,28.2,7.0,16.3,0,1,171.0
15,41.0,1,29.4,7.4,4.7,1,1,147.0
16,54.0,0,31.6,8.0,19.1,0,0,121.0
17,69.0,0,25.1,6.2,12.4,0,1,113.0
18,45.0,0,34.9,8.4,7.3,0,0,118.0
19,37.0,1,31.8,7.9,9.9,0,1,132.0
20,52.0,1,32.3,6.6,1.6,0,0,132.0
21,44.0,1,33.7,6.0,3.6,0,0,122.0
22,39.0,1,32.0,8.6,15.1,1,1,114.0
23,60.0,1,32.3,7.6,14.6,0,0,152.0
24,48.0,1,28.8,7.4,13.9,0,1,138.0
25,64.0,0,22.1,7.7,9.1,0,1,127.0
26,44.0,0,27.9,10.2,21.9,1,0,129.0
27,76.0,1,25.0,7.9,21.6,1,1,125.0
28,51.0,0,22.1,8.1,15.4,0,0,95.0
29,40.0,1,29.7,6.2,14.7,1,1,134.0
30,62.0,1,25.9,10.0,15.5,1,1,117.0
31,75.0,1,23.9,9.1,9.2,1,0,118.0
32,54.0,0,23.8,9.3,3.8,0,1,123.0
33,76.0,0,29.7,8.1,16.2,1,1,142.0
34,56.0,1,30.1,9.1,12.0,0,1,116.0
35,53.0,1,34.5,8.4,7.5,0,0,112.0
36,62.0,0,28.4,8.7,11.2,0,1,141.0
37,78.0,1,33.2,7.8,19.7,0,1,143.0
38,76.0,0,34.8,6.2,20.6,0,1,119.0
39,55.0,1,33.7,9.2,8.5,0,1,140.0
