patient_id,RMSE60_population,RMSE60_personal,RMSE120_population,RMSE120_personal
0,9.892207958413074,9.528720457702427,15.218195023490656,15.986415785009564
1,14.596901399811973,13.344860125852378,21.546214964700056,20.02245175293067
2,16.21215788070347,15.980463844930357,20.50250876819074,20.557570045211442
3,20.442590664113514,20.773172171425312,25.83819642967126,26.30759273257699
4,13.767535730529557,13.282161847801378,22.547526385440204,22.47921579807963
5,9.605604692072177,8.874682354295912,19.006609947982174,18.54216824627165
6,19.778971350324312,19.20838725361406,25.88914424762822,25.268198632798295
7,16.222376646050055,16.487457901093865,20.543365074160896,21.231430308121194
8,15.321990243434952,15.57918843421894,19.641579970809893,18.768040915213113
9,11.591914601032185,11.117542635328453,22.169659604072642,21.9414585049585
10,15.839850801175603,15.18017598894904,17.157263186296355,16.911306068473596
11,17.82204202507329,17.848662658557963,22.779402745683495,22.818314240624144
12,8.59847529955454,8.055290617324141,16.899413557350353,16.25167174724769
13,13.391256334366128,13.991543992921,17.76925040689813,18.36109447532733
14,16.923382240073746,16.46165149094417,21.341995608824963,20.44274357550141
15,12.237202759848309,11.502687993459427,22.29888339953093,22.11892388131243
16,27.439238430728924,26.981317332971866,36.0972581124188,35.67589847169324
17,20.06695518000562,19.70347495103085,24.09306462071239,23.691531872678418
18,20.60310811524275,20.623852741272962,27.21489695779449,27.481668657431104
19,19.88697696524432,19.194049181148944,25.549971136780773,24.55040082335806
20,22.109534604975167,22.192149920226772,28.3789494448013,28.90024288614448
21,18.875028556287884,18.44393179200469,24.033539135441092,23.23620133006099
22,15.339012775508811,14.268607767338775,24.214516335886515,24.449445872907177
23,14.374563134241587,14.495921187862063,19.294475902462267,19.81312336094497
24,16.908463830617578,16.97415043024596,19.807616787317748,20.276382240045212
25,19.664668895811797,18.96535740891054,22.835045664561108,21.758282169910526
26,14.497819799657439,12.298426048670418,23.64434825861993,22.080953018026587
27,11.440959919173629,11.224910802344674,20.71480370008609,21.06674182865418
28,19.347141102705386,18.71118560651584,23.229226927271466,22.658801318252767
29,11.804980738748172,11.964631482252736,20.611746923527825,20.513988290912952
30,12.196072212317059,11.406588070678781,23.049754567794988,23.22188666773324
31,15.392014484534094,14.448224244067083,24.487427570700902,23.618353699984535
32,15.482297645548224,14.730428354885971,18.08108463459432,17.319219243260275
33,12.840696730002403,12.255385878365967,21.16782452080425,21.705029613557095
34,21.700297375074506,20.573810897634843,29.455495501895786,26.55503472443709
35,19.89829374808426,20.865852221651902,28.30920006762304,29.745082541722173
36,19.88041682839334,20.02328087956485,25.734884530127633,25.5026974753285
37,24.135546533578662,22.88239521357873,28.155763583534338,26.49301453908928
38,16.990650862735215,16.974959361151075,23.343094838864854,23.28049204008056
39,19.760877162827068,19.515304843158535,24.50182101929234,24.005765882350335
