patient_id,record,patient,age,female,bmi,hba1c,diabetes_years,on_insulin,on_metformin,fpg,ppg_2h,cpep_fasting,cpep_2h,egfr
0,2000_0_20201230,2000,57,0.0,23.6,7.601280640000001,25.0,1.0,0.0,82.44,162.36,0.27,0.91,68.0
1,2001_0_20201102,2001,69,1.0,26.54,7.401305360000001,14.0,1.0,1.0,137.7,277.74,0.64,2.32,101.0
2,2001_1_20201117,2001,69,1.0,25.3,7.301317720000001,14.0,1.0,1.0,138.42,277.2,0.31,0.97,103.0
3,2002_0_20210513,2002,57,0.0,24.221453287197235,9.201082879999998,10.0,1.0,1.0,158.4,442.98,0.39,0.68,105.0
4,2003_0_20210615,2003,58,1.0,23.237656157049376,9.5010458,22.0,1.0,1.0,194.4,238.5,0.44,0.81,166.0
5,2004_0_20211028,2004,78,1.0,24.973985431841832,10.60090984,20.0,1.0,0.0,257.40000000000003,228.06,0.37,0.4,113.0
6,2005_0_20211201,2005,67,1.0,22.4609375,12.700650279999998,0.005479452054794521,0.0,0.0,336.6,585.9,0.65,1.16,120.0
7,2006_0_20211112,2006,35,1.0,19.257028815517664,11.70077388,8.0,1.0,0.0,156.6,273.96000000000004,0.28,0.41,257.0
8,2007_0_20220108,2007,68,0.0,18.916437098255283,12.700650279999998,0.038356164383561646,0.0,0.0,158.4,275.03999999999996,0.56,0.48,80.0
9,2008_0_20220118,2008,61,0.0,24.69,8.40118176,12.0,0.0,1.0,167.4,301.14,0.27,0.7,106.0
10,2009_0_20211103,2009,64,0.0,23.356401384083043,10.80088512,0.0410958904109589,1.0,0.0,124.2,217.44,0.29,0.87,165.0
11,2010_0_20220111,2010,37,0.0,23.79535990481856,10.80088512,0.019178082191780823,1.0,0.0,176.4,395.82,0.2,0.85,223.0
12,2011_0_20220123,2011,56,1.0,23.11111111111111,9.10109524,9.0,0.0,1.0,163.79999999999998,171.54,0.51,,210.0
13,2012_0_20220126,2012,62,0.0,35.01277966457757,9.001107600000001,7.0,0.0,1.0,158.4,250.2,0.73,1.75,83.0
14,2013_0_20220123,2013,84,0.0,23.11111111111111,11.30082332,9.0,1.0,1.0,334.8,333.0,0.2,0.67,123.0
15,2014_0_20201224,2014,42,1.0,34.12,8.5011694,7.0,1.0,1.0,101.16,138.6,0.6,1.0,99.0
16,2014_1_20210317,2014,42,1.0,32.38,6.4014289600000005,8.0,1.0,1.0,109.26,180.54,0.72,2.17,104.0
17,2015_0_20210203,2015,55,0.0,22.86,8.10121884,4.0,1.0,1.0,152.28,311.94,0.34,1.0,102.0
18,2015_1_20210219,2015,55,0.0,23.47,8.20120648,4.0,1.0,1.0,144.36,296.28,0.41,1.01,106.0
19,2016_0_20201224,2016,56,1.0,20.2020202020202,6.30144132,1.0,0.0,0.0,159.84,167.22,0.43956000000000006,,
20,2017_0_20210102,2017,66,1.0,17.08744499978641,7.601280640000001,1.0,1.0,0.0,108.72,164.34,0.22977,,
21,2017_1_20201118,2017,66,1.0,17.08744499978641,7.601280640000001,1.0,1.0,0.0,108.72,164.34,0.22977,,
22,2018_0_20210420,2018,66,1.0,19.921875,8.701144679999999,20.0,1.0,1.0,167.4,167.94,0.2,0.19,105.0
23,2019_0_20210513,2019,66,0.0,24.5674740484429,13.20058848,13.0,1.0,0.0,135.0,340.02,0.19,0.43,106.0
24,2020_0_20210423,2020,61,0.0,21.4532871972318,7.10134244,10.0,1.0,1.0,120.60000000000001,192.6,0.19,0.89,132.0
25,2021_0_20211013,2021,78,1.0,19.0273994552155,15.40031656,16.0,1.0,0.0,194.4,298.08,0.16,0.15,95.0
26,2022_0_20210419,2022,47,0.0,23.4509182190513,8.5011694,4.0,1.0,1.0,124.2,251.1,0.11,0.56,107.0
27,2023_0_20210812,2023,72,1.0,23.4223683617855,11.800761520000002,4.0,1.0,0.0,198.0,,0.5,0.99,104.0
28,2024_0_20210429,2024,67,1.0,22.8623685413808,14.700403080000001,20.0,1.0,0.0,199.79999999999998,304.38,0.23,0.29,99.0
29,2025_0_20210506,2025,63,0.0,21.7775533392248,13.800514320000001,20.0,1.0,0.0,232.20000000000002,225.71999999999997,0.42,0.19,174.0
30,2026_0_20210916,2026,58,1.0,19.2335607490201,13.600539040000001,0.166666666666666,1.0,0.0,216.0,403.38,0.41,0.74,90.0
31,2027_0_20210521,2027,71,0.0,27.4586542103269,9.30107052,5.0,1.0,1.0,165.6,228.96,0.47,0.88,85.0
32,2028_0_20210426,2028,66,0.0,22.4600343506407,12.700650279999998,10.0,1.0,0.0,160.20000000000002,240.29999999999998,0.57,0.7,57.0
33,2029_0_20210526,2029,63,0.0,24.7554643159038,8.20120648,8.0,1.0,1.0,140.4,259.56,0.18,0.43,133.0
34,2030_0_20210531,2030,68,0.0,25.393431120318,13.20058848,20.0,1.0,0.0,111.60000000000001,221.94,0.21,0.27,84.0
35,2031_0_20210601,2031,63,0.0,20.8979591836734,12.10072444,20.0,0.0,1.0,183.6,316.08,0.15,0.3,145.0
36,2032_0_20210727,2032,47,0.0,25.2493372048983,10.500922200000002,0.0136986301369863,1.0,0.0,198.0,361.26,0.9,1.0,126.0
37,2033_0_20210615,2033,38,0.0,32.0069204152249,11.400810960000001,2.0,1.0,1.0,214.20000000000002,329.76,0.26,0.55,139.0
38,2034_0_20210624,2034,54,0.0,24.0569347455645,10.20095928,2.0,1.0,0.0,167.4,165.6,0.37,0.89,121.0
39,2035_0_20210629,2035,78,0.0,24.3141239657424,11.30082332,20.0,1.0,1.0,133.2,330.12,0.48,0.92,53.0
40,2036_0_20210803,2036,22,0.0,24.7566772295156,10.900872760000002,8.0,1.0,0.0,207.0,314.28000000000003,0.38,0.56,247.0
41,2037_0_20201221,2037,49,0.0,24.464601603372348,7.301317720000001,0.1,0.0,0.0,140.94,196.92,0.62604,,
42,2038_0_20210608,2038,46,0.0,20.2812330989724,11.400810960000001,1.0,1.0,0.0,275.40000000000003,427.86,0.53,0.54,133.0
43,2039_0_20210615,2039,50,1.0,25.5588462006572,7.401305360000001,8.0,1.0,0.0,187.20000000000002,323.28000000000003,0.29,0.92,210.0
44,2040_0_20210729,2040,58,1.0,23.7697779068079,9.801008720000002,0.0191780821917808,1.0,0.0,356.40000000000003,610.3799999999999,0.48,0.42,146.0
45,2041_0_20210813,2041,71,0.0,26.6435986159169,10.700897479999998,20.0,1.0,1.0,158.4,315.90000000000003,0.26,0.76,137.0
46,2042_0_20211019,2042,40,1.0,36.7309458218549,11.70077388,13.0,1.0,0.0,338.93999999999994,315.90000000000003,0.47,0.77,119.0
47,2043_0_20210513,2043,61,1.0,22.265625,13.500551400000003,0.0833333333333333,1.0,0.0,275.40000000000003,487.43999999999994,0.26,0.38,120.0
48,2044_0_20211101,2044,71,1.0,22.826880934989,7.601280640000001,30.0,1.0,0.0,55.800000000000004,210.96,0.04,0.26,72.0
49,2045_0_20201216,2045,69,0.0,24.34175828634022,8.40118176,8.0,1.0,1.0,197.28,367.38,,,72.0
50,2046_0_20201216,2046,37,0.0,25.24933720489837,5.30156492,3.0,0.0,1.0,161.82,212.4,1.1355300000000002,,
51,2047_0_20210420,2047,41,1.0,26.6389177939646,6.30144132,2.0,0.0,1.0,93.60000000000001,173.88,0.43,2.24,123.0
52,2048_0_20210426,2048,83,1.0,19.7776986669831,6.60140424,20.0,0.0,0.0,126.0,,,,
53,2049_0_20210426,2049,37,0.0,29.1945461431637,11.600786240000001,11.0,1.0,0.0,126.0,160.74,0.3,0.56,135.0
54,2050_0_20210510,2050,68,1.0,18.9619274241522,7.601280640000001,0.166666666666666,0.0,0.0,158.4,333.90000000000003,0.62,2.59,122.0
55,2051_0_20210512,2051,52,0.0,26.4489795918367,6.4014289600000005,20.0,0.0,1.0,126.0,,0.49,,111.0
56,2052_0_20210511,2052,54,0.0,23.141498292317,10.60090984,2.0,1.0,0.0,208.79999999999998,327.42,0.53,1.07,141.7
57,2053_0_20210518,2053,47,0.0,24.2122933884297,8.80113232,10.0,0.0,1.0,199.79999999999998,277.02,0.2,0.69,82.0
58,2054_0_20210524,2054,37,1.0,29.1276400367309,6.60140424,0.0833333333333333,0.0,0.0,117.0,201.24,0.99,4.42,119.0
59,2055_0_20210524,2055,65,1.0,22.272071783368,7.0013548,6.0,0.0,1.0,144.0,193.86,0.16,0.74,132.0
60,2055_1_20201207,2055,65,1.0,22.272071783368,6.70139188,7.0,0.0,0.0,113.4,,,,132.0
61,2056_0_20210524,2056,44,1.0,29.296875,5.9014907600000015,1.0,0.0,0.0,93.60000000000001,,0.43,,96.0
62,2057_0_20210525,2057,79,1.0,23.4375,7.0013548,30.0,1.0,0.0,165.6,,,,79.0
63,2058_0_20210524,2058,48,1.0,21.2305720237141,6.201453680000001,0.666666666666666,0.0,1.0,111.60000000000001,155.34,0.32,1.33,125.0
64,2059_0_20210525,2059,84,0.0,26.3656030286641,7.0013548,40.0,1.0,0.0,129.6,164.52,0.31,0.17,67.0
65,2060_0_20201214,2060,92,0.0,27.681660899653977,8.301194120000002,5.0,0.0,0.0,169.02,270.0,1.2187800000000002,,
66,2061_0_20210601,2061,69,0.0,23.301094832264,6.70139188,15.0,0.0,0.0,131.4,,,,88.0
67,2062_0_20210601,2062,65,1.0,21.7554685336814,6.90136716,5.0,0.0,0.0,140.4,,0.5,,118.0
68,2063_0_20210608,2063,63,0.0,24.0238086700849,6.101466039999999,1.0,0.0,1.0,113.39999999999999,223.92,0.28,1.32,104.0
69,2064_0_20210608,2064,67,0.0,24.5674740484429,,15.0,0.0,1.0,131.4,,,,123.0
70,2065_0_20210615,2065,77,1.0,24.8888888888888,8.20120648,24.0,0.0,1.0,95.39999999999999,,,,44.0
71,2066_0_20210615,2066,72,0.0,23.5294117647058,,10.0,0.0,0.0,,,,,101.0
72,2067_0_20210615,2067,68,0.0,22.0521901834341,,2.5,0.0,1.0,,,,,
73,2068_0_20210616,2068,63,1.0,26.4462809917355,6.30144132,8.0,0.0,0.0,136.79999999999998,256.32,0.41,1.88,74.0
74,2069_0_20210621,2069,85,1.0,22.2222222222222,7.901243560000001,16.0,0.0,0.0,167.4,,0.31,,178.0
75,2069_1_20210705,2069,85,1.0,22.2222222222222,7.901243560000001,16.0,0.0,1.0,167.4,,0.31,,178.0
76,2069_2_20210825,2069,85,1.0,22.2222222222222,7.901243560000001,16.0,1.0,0.0,167.4,,0.31,,178.0
77,2070_0_20210629,2070,62,0.0,20.9839876033057,7.20133008,6.0,1.0,0.0,106.2,215.64000000000001,0.15,0.85,172.0
78,2071_0_20210705,2071,63,0.0,26.8166089965397,7.20133008,15.0,0.0,1.0,135.0,,,,79.0
79,2072_0_20210706,2072,59,0.0,25.7116620752984,8.10121884,10.0,0.0,1.0,167.4,234.18,0.68,2.17,121.0
80,2073_0_20210703,2073,97,0.0,21.9524793388429,13.600539040000001,0.0416666666666666,1.0,0.0,432.0,,,,76.0
81,2074_0_20210707,2074,31,0.0,26.2345679012345,11.5007986,0.58,1.0,0.0,284.4,440.64,0.72,0.73,160.0
82,2074_1_20210720,2074,31,0.0,26.2345679012345,11.5007986,0.58,1.0,0.0,117.0,,0.67,,124.0
83,2075_0_20210720,2075,50,1.0,27.9695999382739,6.0014784,4.0,0.0,1.0,172.8,,,,144.0
84,2076_0_20210720,2076,52,0.0,24.2214532871972,9.60103344,9.0,0.0,1.0,241.20000000000002,369.90000000000003,0.6,0.86,106.0
85,2077_0_20210803,2077,38,0.0,26.228741354539075,6.101466039999999,0.67,0.0,1.0,95.39999999999999,113.22,0.65,2.04,116.0
86,2078_0_20210803,2078,58,0.0,22.8373702422145,6.80137952,10.0,0.0,0.0,129.6,212.58,0.4,1.33,75.0
87,2078_1_20210817,2078,58,0.0,22.8373702422145,6.80137952,10.0,0.0,0.0,129.6,212.58,0.4,1.33,75.0
88,2079_0_20210809,2079,72,0.0,22.093170054286,9.5010458,0.67,0.0,1.0,207.0,,0.63,,
89,2080_0_20210816,2080,51,1.0,24.3865264441396,,5.0,0.0,0.0,104.39999999999999,201.78000000000003,0.53,1.74,
90,2081_0_20210817,2081,57,0.0,24.6181037747759,,20.0,0.0,1.0,,,,,
91,2082_0_20210907,2082,51,1.0,27.34375,12.500675000000001,0.0833333333333333,0.0,1.0,244.79999999999998,396.36,0.36,0.45,34.0
92,2083_0_20201214,2083,68,0.0,24.816326530612244,6.101466039999999,7.0,1.0,1.0,133.2,189.0,,,
93,2084_0_20211013,2084,61,1.0,23.2434080170705,6.70139188,5.0,0.0,0.0,262.8,,,,80.0
94,2085_0_20200907,2085,37,1.0,21.773527450765755,4.30168852,0.1,0.0,0.0,93.42,97.02,0.67266,,
95,2086_0_20200914,2086,57,0.0,22.05806914948189,8.5011694,10.0,0.0,1.0,160.2,243.0,,,
96,2087_0_20201012,2087,67,1.0,20.576131687242796,7.601280640000001,0.41,0.0,1.0,90.0,144.0,,,
97,2088_0_20201123,2088,64,1.0,23.4375,,7.0,0.0,1.0,179.1,340.2,1.07559,,
98,2089_0_20201019,2089,65,0.0,22.491349480968857,7.301317720000001,21.0,0.0,1.0,149.4,287.82,1.17882,,
99,2090_0_20201130,2090,72,0.0,21.887076365377382,11.100848039999999,10.0,1.0,0.0,192.6,304.2,0.7825500000000001,,
100,2091_0_20201029,2091,60,0.0,23.597004206422486,,7.0,0.0,0.0,104.4,136.8,,,
101,2092_0_20201109,2092,49,0.0,24.343809494085704,6.30144132,0.5,0.0,0.0,128.34,186.3,1.1088900000000002,,86.0
102,2093_0_20201109,2093,65,1.0,21.1620644312952,7.0013548,0.5,0.0,1.0,93.6,167.4,,,
103,2094_0_20211109,2094,74,1.0,25.47166277516263,10.60090984,15.0,1.0,0.0,162.0,291.6,,,101.0
104,2095_0_20201116,2095,66,0.0,20.9572742022715,,7.0,1.0,0.0,180.0,234.0,,,
105,2096_0_20201116,2096,60,1.0,26.370238143535236,7.5012929999999995,0.1,0.0,0.0,140.4,225.9,1.23543,,
106,2097_0_20201116,2097,71,1.0,23.114186851211073,10.10097164,20.0,1.0,0.0,162.0,288.0,,,73.0
107,2098_0_20201106,2098,64,1.0,26.171875,9.30107052,0.1,0.0,0.0,173.7,262.8,0.97902,,
108,2099_0_20201116,2099,44,1.0,28.999307479224377,7.20133008,0.1,0.0,0.0,124.92,227.16,,,
